slug,name_en,name_ru,category,method,oven_temp_c,time_min,time_max,safe_min_internal_c,rest_min,reference_weight_g,reference_thickness_cm,geometry_driver,confidence,sources
chicken-breast,"chicken breast (boneless, skinless)","куриная грудка (филе, без кости и кожи)",chicken,oven,204,20,30,74,5,200,2.5,thickness,high,https://www.foodsafety.gov/food-safety-charts/safe-minimum-internal-temperatures https://www.foodsafety.gov/food-safety-charts/meat-poultry-charts https://blog.thermoworks.com/sheet-pan-baked-chicken-breast-recipe-temperature-not-time/
salmon-fillet,salmon fillet,филе лосося,fish,oven,232,10,15,63,3,180,2.5,thickness,high,https://hgic.clemson.edu/factsheet/safe-handling-of-fish/ https://www.foodsafety.gov/food-safety-charts/safe-minimum-internal-temperatures
pork-chops,pork chops,свиные отбивные (корейка),pork,oven,204,18,25,63,3,250,2.5,thickness,medium,https://www.foodsafety.gov/food-safety-charts/safe-minimum-internal-temperatures https://www.thekitchn.com/how-to-bake-pork-chops-in-the-oven-247429
chicken-thighs,chicken thighs (bone-in),куриные бёдра (на кости),chicken,oven,204,30,45,74,5,200,3,thickness,high,https://blog.thermoworks.com/sheet-pan-baked-chicken-breast-recipe-temperature-not-time/ https://www.foodsafety.gov/food-safety-charts/safe-minimum-internal-temperatures
whole-chicken,whole chicken,цельная курица,chicken,oven,177,75,95,74,15,1700,,total_weight,high,https://www.foodsafety.gov/food-safety-charts/meat-poultry-charts https://www.foodsafety.gov/food-safety-charts/safe-minimum-internal-temperatures
pork-ribs,pork ribs,свиные рёбра,pork,oven,149,180,240,63,10,1500,,mixed_factors,medium,https://www.foodsafety.gov/food-safety-charts/meat-poultry-charts https://blog.thermoworks.com/ribs-in-the-oven/ https://www.foodsafety.gov/food-safety-charts/safe-minimum-internal-temperatures
baked-potato,baked potato (russet),запечённый картофель (целиком),potatoes,oven,200,55,75,,5,250,,total_weight,high,https://idahopotato.com/dr-potato/how-to-bake-a-potato
meatballs,meatballs (2-inch),мясные фрикадельки (примерно 5 см),mixed_meat,oven,218,12,15,71,3,50,5,diameter,high,https://extension.oregonstate.edu/imported-publication/baked-meatballs https://www.foodsafety.gov/food-safety-charts/safe-minimum-internal-temperatures
pork-tenderloin,pork tenderloin,свиная вырезка,pork,oven,218,20,27,63,5,600,,total_weight,high,https://www.foodsafety.gov/food-safety-charts/meat-poultry-charts https://www.foodsafety.gov/food-safety-charts/safe-minimum-internal-temperatures
chicken-wings,chicken wings,куриные крылышки,chicken,oven,230,35,50,74,5,900,3,piece_count,high,https://www.seriouseats.com/the-best-buffalo-wings-oven-fried-wings-recipe https://www.foodsafety.gov/food-safety-charts/safe-minimum-internal-temperatures
bacon,bacon (slices),бекон (ломтики),pork,oven,205,15,25,,0,250,0.2,thickness,high,https://www.seriouseats.com/baked-bacon-for-a-crowd-recipe
beef-steak,"beef steak (oven, reverse sear / finish)",говяжий стейк (духовка),beef,oven,120,25,45,63,5,350,3.5,thickness,medium,https://www.foodsafety.gov/food-safety-charts/safe-minimum-internal-temperatures https://www.seriouseats.com/reverse-seared-steak-recipe
turkey-breast,turkey breast (roast),грудка индейки (запекание),turkey,oven,163,120,170,74,20,2500,,total_weight,high,https://www.foodsafety.gov/food-safety-charts/meat-poultry-charts https://www.foodsafety.gov/food-safety-charts/safe-minimum-internal-temperatures
whole-turkey,whole turkey,цельная индейка,turkey,oven,163,180,225,74,30,6000,,total_weight,high,https://www.foodsafety.gov/food-safety-charts/meat-poultry-charts https://www.foodsafety.gov/food-safety-charts/safe-minimum-internal-temperatures
ham,"ham (precooked, reheat; spiral)","ветчина (готовая, разогрев; спиральная)",pork,oven,163,90,140,74,10,3600,,total_weight,high,https://www.foodsafety.gov/food-safety-charts/meat-poultry-charts https://www.foodsafety.gov/food-safety-charts/safe-minimum-internal-temperatures
sausage-links,sausage links (raw),колбаски (сырые),pork,oven,204,15,25,71,3,450,3,thickness,medium,https://www.foodsafety.gov/food-safety-charts/safe-minimum-internal-temperatures https://foxeslovelemons.com/how-to-cook-sausage-in-oven/
beef-rib-roast,beef rib roast (bone-in / prime rib),говяжий реберный ростбиф (на кости),beef,oven,163,125,140,63,15,2500,,total_weight,high,https://www.foodsafety.gov/food-safety-charts/meat-poultry-charts https://www.foodsafety.gov/food-safety-charts/safe-minimum-internal-temperatures
beef-tenderloin-roast,beef tenderloin roast (whole),говяжья вырезка (запекание куском),beef,oven,218,45,60,63,10,2000,,total_weight,high,https://www.foodsafety.gov/food-safety-charts/meat-poultry-charts https://www.foodsafety.gov/food-safety-charts/safe-minimum-internal-temperatures
pork-loin-roast,pork loin roast,свиная корейка (запекание куском),pork,oven,177,80,100,63,10,2000,,total_weight,high,https://www.foodsafety.gov/food-safety-charts/meat-poultry-charts https://www.foodsafety.gov/food-safety-charts/safe-minimum-internal-temperatures
pork-shoulder,pork shoulder (Boston butt; pulled pork capable),свиная лопатка/плечо (Boston butt),pork,oven,177,225,300,63,20,2500,,total_weight,medium,https://www.foodsafety.gov/food-safety-charts/meat-poultry-charts https://blog.thermoworks.com/pulled-pork-smoked-pork-shoulder-temps/ https://www.foodsafety.gov/food-safety-charts/safe-minimum-internal-temperatures
beef-brisket,beef brisket (oven),"говяжья грудинка (брискет, духовка)",beef,oven,150,300,360,63,20,2500,,total_weight,medium,https://blog.thermoworks.com/brisket-101/ https://www.foodsafety.gov/food-safety-charts/safe-minimum-internal-temperatures
meatloaf,meatloaf (2 lb class),мясной рулет (meatloaf),mixed_meat,oven,177,55,75,71,10,900,7,thickness,high,https://blog.thermoworks.com/meatloaf/ https://www.fsis.usda.gov/food-safety/safe-food-handling-and-preparation/meat/ground-beef-and-food-safety
hamburger-patties,hamburger patties (oven),котлеты для бургеров (духовка),beef,oven,200,15,30,71,5,170,2,thickness,high,https://www.seriouseats.com/thick-and-juicy-burgers-recipe https://www.fsis.usda.gov/food-safety/safe-food-handling-and-preparation/food-safety-basics/doneness-versus-safety
chicken-drumsticks,chicken drumsticks,куриные голени,chicken,oven,177,35,45,74,5,600,3,piece_count,high,https://rhea.tennessee.edu/wp-content/uploads/sites/145/2020/12/Chicken_from_Farm_to_Table.pdf https://www.foodsafety.gov/food-safety-charts/safe-minimum-internal-temperatures
chicken-nuggets,"chicken nuggets (frozen, fully cooked)","куриные наггетсы (замороженные, готовые)",chicken,oven,200,11,15,74,2,350,2,piece_count,medium,https://www.tyson.com/products/nuggets-patties/00023700060266 https://www.foodsafety.gov/food-safety-charts/safe-minimum-internal-temperatures
chicken-tenders-strips,"chicken tenders/strips (frozen, breaded)","куриные стрипсы/тендеры (замороженные, в панировке)",chicken,oven,200,10,16,74,2,350,2.5,thickness,low,https://www.fsis.usda.gov/sites/default/files/import/072-2017-labels.pdf https://www.foodsafety.gov/food-safety-charts/safe-minimum-internal-temperatures
cod-fillet,cod fillet,филе трески,fish,oven,232,10,15,63,3,180,2.5,thickness,high,https://hgic.clemson.edu/factsheet/safe-handling-of-fish/ https://www.foodsafety.gov/food-safety-charts/safe-minimum-internal-temperatures
tilapia-fillet,tilapia fillet,филе тилапии,fish,oven,232,10,15,63,3,180,2.5,thickness,high,https://hgic.clemson.edu/factsheet/safe-handling-of-fish/ https://www.foodsafety.gov/food-safety-charts/safe-minimum-internal-temperatures
tuna-steak,tuna steak,стейк тунца,fish,oven,232,10,16,63,3,250,2.5,thickness,medium,https://www.foodsafety.gov/food-safety-charts/safe-minimum-internal-temperatures https://hgic.clemson.edu/factsheet/safe-handling-of-fish/
trout-fillet,trout fillet,филе форели,fish,oven,232,10,15,63,3,220,2.5,thickness,high,https://hgic.clemson.edu/factsheet/safe-handling-of-fish/ https://www.foodsafety.gov/food-safety-charts/safe-minimum-internal-temperatures
whole-fish,whole fish (baked),цельная рыба (запекание),fish,oven,232,15,25,63,5,800,,thickness,high,https://hgic.clemson.edu/factsheet/safe-handling-of-fish/ https://www.foodsafety.gov/food-safety-charts/safe-minimum-internal-temperatures
shrimp,shrimp (oven baked),креветки (духовка),seafood,oven,204,8,12,,0,450,1.5,piece_count,medium,https://www.foodsafety.gov/food-safety-charts/safe-minimum-internal-temperatures https://www.walderwellness.com/baked-shrimp/ https://www.thekitchn.com/baked-shrimp-recipe-23245020
scallops,scallops (broil),морские гребешки (гриль/бройл в духовке),seafood,oven,260,6,10,,0,350,3,piece_count,low,https://www.foodsafety.gov/food-safety-charts/safe-minimum-internal-temperatures https://www.allrecipes.com/recipe/12798/broiled-scallops/
lobster-tail,lobster tail (bake),хвост лобстера (запекание),seafood,oven,218,10,16,,2,250,,total_weight,medium,https://www.foodsafety.gov/food-safety-charts/safe-minimum-internal-temperatures https://www.mainelobsternow.com/pages/how-to-cook-lobster-tails
crab-legs,crab legs (reheat),крабовые ноги (разогрев в духовке),seafood,oven,175,10,15,74,0,1200,,mixed_factors,low,https://crabs.com/blogs/news/how-to-reheat-crab https://www.foodsafety.gov/food-safety-charts/safe-minimum-internal-temperatures
baked-sweet-potato,baked sweet potato (whole),батат (запекание целиком),potatoes,oven,200,45,60,,5,250,,total_weight,high,https://foodhero.org/sites/foodhero-prod/files/monthly-magazines/sweet_potato_monthly.pdf https://ncsweetpotatoes.com/how-to/
roasted-potatoes,roasted potatoes (chunks),картофель кусочками (запекание),potatoes,oven,230,50,70,,5,800,3,thickness,high,https://www.seriouseats.com/the-best-roast-potatoes-ever-recipe
potato-wedges,potato wedges,картофельные дольки,potatoes,oven,230,36,50,,5,800,3.5,thickness,high,https://www.seriouseats.com/potato-wedges-recipe-5217319
frozen-french-fries,frozen french fries (oven),замороженный картофель фри (духовка),potatoes,oven,218,22,31,,0,500,,piece_count,medium,https://www.ubereats.com/product/b/b4dcb7d7-16a4-59e7-8335-145481ea30f9
roasted-broccoli-florets,roasted broccoli florets,брокколи (запекание),vegetables,oven,260,18,22,,0,500,2,thickness,high,https://www.seriouseats.com/easy-roasted-broccoli-recipe https://extension.oregonstate.edu/imported-publication/roasted-vegetables
roasted-brussels-sprouts,roasted brussels sprouts (halved),брюссельская капуста (запекание),vegetables,oven,232,20,35,,0,600,3,mixed_factors,high,https://www.seriouseats.com/roasted-brussels-sprouts-with-balsamic-honey-and-pancetta-recipe https://extension.oregonstate.edu/imported-publication/roasted-vegetables
roasted-asparagus,roasted asparagus,спаржа (запекание),vegetables,oven,232,10,15,,0,400,1.2,thickness,high,https://blog.thermoworks.com/sheet-pan-baked-chicken-breast-recipe-temperature-not-time/ https://extension.oregonstate.edu/imported-publication/roasted-vegetables
roasted-carrots,roasted carrots (chunks),морковь (запекание кусочками),vegetables,oven,218,20,30,,0,680,2.5,thickness,high,https://www.seriouseats.com/roasted-carrot-and-date-salad-recipe-11847948 https://extension.oregonstate.edu/imported-publication/roasted-vegetables
roasted-cauliflower,roasted cauliflower (florets/steaks),цветная капуста (запекание),vegetables,oven,204,25,45,,0,700,3,thickness,medium,https://blog.thermoworks.com/sheet-pan-baked-chicken-breast-recipe-temperature-not-time/ https://extension.oregonstate.edu/imported-publication/roasted-vegetables
roasted-green-beans,roasted green beans,стручковая фасоль (запекание),vegetables,oven,218,15,18,,0,500,1,thickness,high,https://foodhero.org/recipes/roasted-green-beans https://extension.oregonstate.edu/imported-publication/roasted-vegetables
roasted-bell-peppers,roasted bell peppers,болгарский перец (запекание),vegetables,oven,230,25,30,,0,600,,mixed_factors,high,https://www.seriouseats.com/roasted-red-pepper-spread-dip-recipe
corn-on-the-cob,corn on the cob (oven roasted),кукуруза в початках (духовка),vegetables,oven,200,25,35,,5,1000,,total_weight,medium,https://food52.com/recipes/18143-effortless-roasted-corn
chocolate-chip-cookies,chocolate chip cookies,печенье с шоколадной крошкой,baking,oven,175,10,14,,5,30,1.2,mixed_factors,high,https://www.kingarthurbaking.com/recipes/easy-chocolate-chip-cookies-recipe
brownies,brownies (sheet pan class),"брауни (форма, духовка)",baking,oven,175,30,40,,15,900,3,thickness,high,https://www.kingarthurbaking.com/recipes/our-ultimate-chewy-brownies-recipe
frozen-pizza,frozen pizza (standard thin/regular),замороженная пицца (обычная),other,oven,218,14,20,,2,500,2.5,mixed_factors,medium,https://www.homeruninnpizza.com/frozen-pizza/baking-instructions/
lamb-chops,lamb chops (loin or rib),бараньи отбивные (корейка),lamb,oven,200,12,18,63,3,150,2.5,thickness,medium,https://www.foodsafety.gov/food-safety-charts/safe-minimum-internal-temperatures https://www.fsis.usda.gov/food-safety/safe-food-handling-and-preparation/food-safety-basics/safe-temperature-chart
leg-of-lamb,leg of lamb (bone-in roast),баранья нога (на кости),lamb,oven,163,110,140,63,15,2500,,total_weight,medium,https://www.foodsafety.gov/food-safety-charts/safe-minimum-internal-temperatures https://www.fsis.usda.gov/food-safety/safe-food-handling-and-preparation/food-safety-basics/safe-temperature-chart
rack-of-lamb,rack of lamb,каре ягнёнка,lamb,oven,200,20,28,63,5,800,,total_weight,medium,https://www.foodsafety.gov/food-safety-charts/safe-minimum-internal-temperatures
chicken-leg-quarters,chicken leg quarters,куриные окорочка,chicken,oven,200,40,55,74,5,350,,total_weight,high,https://www.foodsafety.gov/food-safety-charts/safe-minimum-internal-temperatures https://www.fsis.usda.gov/food-safety/safe-food-handling-and-preparation/food-safety-basics/safe-temperature-chart
frozen-chicken-breast,frozen chicken breast (oven),куриная грудка из заморозки,chicken,oven,200,30,45,74,5,220,2.5,thickness,medium,https://www.foodsafety.gov/food-safety-charts/safe-minimum-internal-temperatures https://www.fsis.usda.gov/food-safety/safe-food-handling-and-preparation/food-safety-basics/safe-temperature-chart
stuffed-peppers,stuffed peppers (ground beef and rice),фаршированные перцы (фарш и рис),mixed_meat,oven,190,45,60,74,5,300,,total_weight,medium,https://www.foodsafety.gov/food-safety-charts/safe-minimum-internal-temperatures https://www.fsis.usda.gov/food-safety/safe-food-handling-and-preparation/food-safety-basics/safe-temperature-chart
chuck-roast,chuck roast (covered pot roast),говяжья лопатка (пот-роуст под крышкой),beef,oven,163,150,210,63,15,1500,,total_weight,medium,https://www.foodsafety.gov/food-safety-charts/safe-minimum-internal-temperatures
tri-tip-roast,tri-tip roast,трай-тип (говяжий кострец),beef,oven,220,25,40,63,10,1000,,total_weight,medium,https://www.foodsafety.gov/food-safety-charts/safe-minimum-internal-temperatures
london-broil,"london broil (top round, broiled)","лондон-бройл (говядина, верх бедра)",beef,oven,245,12,18,63,10,1000,3.5,thickness,medium,https://www.foodsafety.gov/food-safety-charts/safe-minimum-internal-temperatures
halibut-fillet,halibut fillet,филе палтуса,fish,oven,200,10,15,63,0,180,2.5,thickness,high,https://www.foodsafety.gov/food-safety-charts/safe-minimum-internal-temperatures
mahi-mahi-fillet,mahi mahi fillet,филе махи-махи,fish,oven,200,12,16,63,0,170,2.5,thickness,medium,https://www.foodsafety.gov/food-safety-charts/safe-minimum-internal-temperatures
sea-bass-fillet,sea bass fillet,филе сибаса,fish,oven,200,12,16,63,0,160,2,thickness,medium,https://www.foodsafety.gov/food-safety-charts/safe-minimum-internal-temperatures
catfish-fillet,catfish fillet,филе сома,fish,oven,200,12,18,63,0,160,2,thickness,medium,https://www.foodsafety.gov/food-safety-charts/safe-minimum-internal-temperatures
swordfish-steak,swordfish steak,стейк меч-рыбы,fish,oven,200,12,16,63,0,220,2.5,thickness,medium,https://www.foodsafety.gov/food-safety-charts/safe-minimum-internal-temperatures
roasted-zucchini,roasted zucchini (slices),запечённые кабачки (ломтики),vegetables,oven,220,12,18,,0,450,1,thickness,high,
butternut-squash,butternut squash (cubes),тыква баттернат (кубики),vegetables,oven,200,25,35,,0,700,2.5,thickness,high,
acorn-squash,acorn squash (halves),тыква акорн (половинки),vegetables,oven,200,40,55,,0,550,,total_weight,high,
spaghetti-squash,spaghetti squash (halves),тыква-спагетти (половинки),vegetables,oven,200,35,50,,0,700,,total_weight,high,
roasted-beets,"roasted beets (whole, wrapped)","запечённая свёкла (целиком, в фольге)",vegetables,oven,200,45,70,,0,220,,total_weight,high,
roasted-eggplant,roasted eggplant (slices),запечённые баклажаны (ломтики),vegetables,oven,220,20,30,,0,450,2,thickness,medium,
roasted-mushrooms,roasted mushrooms (whole cremini),запечённые шампиньоны (целиком),vegetables,oven,200,18,25,,0,400,3.5,thickness,high,
cabbage-steaks,cabbage steaks,капустные стейки,vegetables,oven,200,25,35,,0,600,2,thickness,medium,
banana-bread,banana bread (loaf),банановый хлеб (форма-кирпич),baking,oven,175,55,70,,10,900,,total_weight,high,
blueberry-muffins,blueberry muffins (standard),маффины с черникой (стандартные),baking,oven,190,20,25,,5,65,,total_weight,high,
cornbread,cornbread (8-inch pan),кукурузный хлеб (форма 20 см),baking,oven,200,20,28,,10,750,,total_weight,high,
lasagna,"lasagna (assembled, chilled)","лазанья (собранная, из холодильника)",other,oven,190,45,60,74,10,2000,,total_weight,medium,https://www.foodsafety.gov/food-safety-charts/safe-minimum-internal-temperatures https://www.fsis.usda.gov/food-safety/safe-food-handling-and-preparation/food-safety-basics/safe-temperature-chart
baked-mac-and-cheese,baked mac and cheese (casserole),запечённые макароны с сыром,other,oven,190,25,35,,5,1500,,total_weight,medium,
quiche,quiche (9-inch),киш (форма 23 см),baking,oven,190,35,45,71,10,1100,,total_weight,high,https://www.foodsafety.gov/food-safety-charts/safe-minimum-internal-temperatures https://www.fsis.usda.gov/food-safety/safe-food-handling-and-preparation/food-safety-basics/safe-temperature-chart
garlic-bread,garlic bread (halved loaf),чесночный хлеб (половинки багета),baking,oven,200,10,15,,0,350,,total_weight,high,
twice-baked-potatoes,twice-baked potatoes (second bake),дважды запечённый картофель (второй прогрев),potatoes,oven,200,18,25,,0,300,,total_weight,medium,
boneless-chicken-thighs,boneless chicken thighs,куриные бёдра без кости,chicken,oven,218,18,25,74,5,120,2,thickness,high,https://www.thekitchn.com/how-to-cook-boneless-skinless-chicken-thighs-in-the-oven-180140 https://www.foodsafety.gov/food-safety-charts/safe-minimum-internal-temperatures
bone-in-chicken-breast,bone-in chicken breast (split),куриная грудка на кости,chicken,oven,177,30,40,74,5,200,3.5,thickness,high,https://www.foodsafety.gov/food-safety-charts/meat-poultry-charts https://www.foodsafety.gov/food-safety-charts/safe-minimum-internal-temperatures
cornish-hen,cornish hen (whole),цыплёнок корнишон (целиком),chicken,oven,177,50,60,74,10,600,,total_weight,high,https://www.foodsafety.gov/food-safety-charts/meat-poultry-charts https://www.foodsafety.gov/food-safety-charts/safe-minimum-internal-temperatures
whole-duck,whole duck,утка целиком,poultry,oven,177,150,175,74,15,2300,,total_weight,high,https://www.foodsafety.gov/food-safety-charts/meat-poultry-charts https://www.fsis.usda.gov/food-safety/safe-food-handling-and-preparation/poultry/duck-and-goose-farm-table https://www.foodsafety.gov/food-safety-charts/safe-minimum-internal-temperatures
duck-legs,duck legs (bone-in),утиные ножки,poultry,oven,163,75,90,74,5,300,,piece_count,high,https://www.foodsafety.gov/food-safety-charts/meat-poultry-charts https://www.foodsafety.gov/food-safety-charts/safe-minimum-internal-temperatures
whole-goose,whole goose,гусь целиком,poultry,oven,163,150,180,74,20,4500,,total_weight,high,https://www.foodsafety.gov/food-safety-charts/meat-poultry-charts https://www.fsis.usda.gov/food-safety/safe-food-handling-and-preparation/poultry/duck-and-goose-farm-table https://www.foodsafety.gov/food-safety-charts/safe-minimum-internal-temperatures
eye-of-round-roast,eye of round roast,ростбиф из огузка (eye of round),beef,oven,163,100,115,63,10,1500,,total_weight,high,https://www.foodsafety.gov/food-safety-charts/meat-poultry-charts https://www.foodsafety.gov/food-safety-charts/safe-minimum-internal-temperatures
country-style-pork-ribs,country-style pork ribs,свиные рёбрышки по-деревенски,pork,oven,177,90,120,63,10,1350,,mixed_factors,medium,https://www.foodsafety.gov/food-safety-charts/meat-poultry-charts https://www.foodsafety.gov/food-safety-charts/safe-minimum-internal-temperatures
lamb-shoulder-roast,lamb shoulder roast,баранья лопатка (запекание куском),lamb,oven,163,105,125,63,15,1600,,total_weight,high,https://www.foodsafety.gov/food-safety-charts/meat-poultry-charts https://www.foodsafety.gov/food-safety-charts/safe-minimum-internal-temperatures
smoked-ham,"smoked ham (bone-in, cook-before-eating)","свиной окорок (запекание, не готовый к употреблению)",pork,oven,163,215,240,63,10,5400,,total_weight,high,https://www.foodsafety.gov/food-safety-charts/meat-poultry-charts https://www.foodsafety.gov/food-safety-charts/safe-minimum-internal-temperatures
frozen-salmon-fillet,frozen salmon fillet (no thawing),замороженное филе лосося (без разморозки),fish,oven,218,20,25,63,3,170,2.5,thickness,high,https://www.thekitchn.com/how-to-cook-frozen-salmon-247238 https://hgic.clemson.edu/factsheet/safe-handling-of-fish/ https://www.foodsafety.gov/food-safety-charts/safe-minimum-internal-temperatures
fish-sticks,fish sticks (frozen),рыбные палочки (замороженные),fish,oven,218,12,14,74,0,300,1.5,piece_count,medium,https://www.gortons.com/products/crunchy-breaded-fish-sticks/ https://www.foodsafety.gov/food-safety-charts/safe-minimum-internal-temperatures
crab-cakes,"crab cakes (frozen, baked)",крабовые котлеты (замороженные),seafood,oven,204,17,20,74,3,90,3,piece_count,medium,https://www.phillipsfoods.com/products/crab-cakes/md-style-crab-cakes/ https://www.foodsafety.gov/food-safety-charts/safe-minimum-internal-temperatures
roasted-sweet-potato-cubes,roasted sweet potato cubes,батат кусочками (запекание),potatoes,oven,218,25,30,,0,700,2,thickness,medium,https://www.evolvingtable.com/roasted-sweet-potato-cubes/ https://extension.oregonstate.edu/imported-publication/roasted-vegetables
roasted-parsnips,roasted parsnips,пастернак (запекание),vegetables,oven,218,25,35,,0,600,2.5,thickness,medium,https://extension.oregonstate.edu/imported-publication/roasted-vegetables
pumpkin-halves,pumpkin halves (for puree),тыква половинками (для пюре),vegetables,oven,177,45,60,,10,1500,,total_weight,medium,https://extension.illinois.edu/gardening/preparing-pumpkin
roasted-garlic,roasted garlic (whole head),чеснок целой головкой (запекание),vegetables,oven,204,40,50,,10,60,,total_weight,medium,https://www.simplyrecipes.com/recipes/roasted_garlic/
kale-chips,kale chips,чипсы из кейла,vegetables,oven,177,10,15,,0,150,,mixed_factors,high,https://foodhero.org/recipes/crunchy-baked-kale-chips
cheesecake,"cheesecake (9-inch, classic)",чизкейк классический (форма 23 см),baking,oven,163,50,65,,0,1200,5,thickness,medium,https://handletheheat.com/ultimate-cheesecake/ https://www.kingarthurbaking.com/recipes/easy-cheesecake-recipe
dinner-rolls,dinner rolls (yeast),дрожжевые булочки,baking,oven,177,20,22,,0,60,,piece_count,high,https://www.kingarthurbaking.com/recipes/soft-dinner-rolls-recipe
pumpkin-pie,pumpkin pie,тыквенный пирог (классический),baking,oven,177,55,65,,0,1250,3.5,thickness,high,https://www.verybestbaking.com/libbys/recipes/libby-s-famous-pumpkin-pie/
apple-pie,apple pie,"яблочный пирог (закрытый, американский)",baking,oven,190,55,60,,0,1500,,mixed_factors,high,https://www.kingarthurbaking.com/recipes/apple-pie-recipe
cinnamon-rolls,cinnamon rolls,булочки с корицей (синнабоны),baking,oven,190,18,22,,0,100,,piece_count,high,https://www.kingarthurbaking.com/recipes/cinnamon-rolls-recipe
buttermilk-biscuits,buttermilk biscuits,бисквиты на пахте (американские),baking,oven,218,15,20,,0,70,2.5,thickness,high,https://www.kingarthurbaking.com/recipes/buttermilk-biscuits-recipe
homemade-pizza,homemade pizza (home oven),домашняя пицца,other,oven,232,15,20,,0,700,,mixed_factors,medium,https://www.kingarthurbaking.com/recipes/pizza-crust-recipe
focaccia,focaccia,фокачча,baking,oven,190,25,30,,0,900,3,thickness,high,https://www.kingarthurbaking.com/recipes/no-fuss-focaccia-recipe
sugar-cookies,sugar cookies,сахарное печенье,baking,oven,177,14,16,,0,30,0.7,thickness,high,https://www.kingarthurbaking.com/recipes/sugar-cookies-recipe
frozen-lasagna,frozen lasagna (family size),замороженная лазанья (полуфабрикат),other,oven,190,60,70,74,5,1900,,total_weight,high,https://www.goodnes.com/stouffers/products/lasagna-with-meat-sauce-family-size/ https://www.foodsafety.gov/food-safety-charts/safe-minimum-internal-temperatures
tater-tots,tater tots (frozen),картофельные шарики татер тотс (замороженные),potatoes,oven,218,28,32,,0,600,,piece_count,high,https://www.directionsforme.org/product/222899
mozzarella-sticks,mozzarella sticks (frozen),моцарелла-стики (замороженные),other,oven,232,9,11,,2,300,,piece_count,high,https://farmrich.com/products/mozzarella-sticks/
frozen-breaded-shrimp,frozen breaded shrimp (butterfly),креветки в панировке (замороженные),seafood,oven,218,11,12,,0,300,,piece_count,high,https://seapak.com/product/jumbo-butterfly-shrimp/
spatchcock-chicken,spatchcock chicken,цыплёнок бабочкой (спатчкок),chicken,oven,232,40,50,74,10,1800,,total_weight,medium,https://www.foodnetwork.com/recipes/spatchcock-roasted-chicken-3402063 https://www.foodsafety.gov/food-safety-charts/safe-minimum-internal-temperatures
pork-belly,pork belly (slow-roasted),свиная грудинка (медленное запекание),pork,oven,149,120,150,63,10,1100,4,thickness,medium,https://www.thekitchn.com/roasted-pork-belly-recipe-23256144 https://www.foodsafety.gov/food-safety-charts/safe-minimum-internal-temperatures
pork-crown-roast,pork crown roast,свиная корона (crown roast),pork,oven,177,110,130,63,15,4500,,total_weight,high,https://www.foodsafety.gov/food-safety-charts/meat-poultry-charts https://www.foodsafety.gov/food-safety-charts/safe-minimum-internal-temperatures
goose-pieces,goose pieces (cut up),гусь кусочками,poultry,oven,163,110,130,74,10,2200,,mixed_factors,high,https://www.foodsafety.gov/food-safety-charts/meat-poultry-charts https://www.foodsafety.gov/food-safety-charts/safe-minimum-internal-temperatures
boneless-leg-of-lamb,boneless leg of lamb (rolled),баранья нога без кости (рулет),lamb,oven,163,125,150,63,15,2300,,total_weight,high,https://www.foodsafety.gov/food-safety-charts/meat-poultry-charts https://www.foodsafety.gov/food-safety-charts/safe-minimum-internal-temperatures
capon,capon (whole),каплун (целиком),poultry,oven,177,120,180,74,15,3600,,total_weight,high,https://www.foodsafety.gov/food-safety-charts/meat-poultry-charts https://www.foodsafety.gov/food-safety-charts/safe-minimum-internal-temperatures
turkey-thighs,turkey thighs,бёдра индейки,turkey,oven,177,45,60,74,10,650,,piece_count,medium,https://www.eatturkey.org/roasting-turkey-cuts/ https://www.foodsafety.gov/food-safety-charts/safe-minimum-internal-temperatures
frozen-garlic-bread,frozen garlic bread (loaf),чесночный хлеб (замороженный),baking,oven,218,6,8,,0,300,,piece_count,high,https://nybakery.com/products/texas-toast-with-real-garlic/
baked-apples,"baked apples (whole, stuffed)",печёные яблоки (целиком),baking,oven,190,45,60,,5,200,,total_weight,medium,https://sallysbakingaddiction.com/baked-apples/ https://natashaskitchen.com/baked-apples-recipe/
layer-cake,layer cake (9-inch rounds),коржи для торта (формы 23 см),baking,oven,177,30,35,,0,700,4,thickness,high,https://www.kingarthurbaking.com/recipes/classic-birthday-cake-recipe
vanilla-cupcakes,vanilla cupcakes,ванильные капкейки,baking,oven,177,16,18,,0,50,,piece_count,high,https://www.kingarthurbaking.com/recipes/ultra-vanilla-cupcakes-with-easy-vanilla-frosting-recipe
pound-cake,pound cake (loaf),паунд-кейк (плотный кекс),baking,oven,177,60,65,,0,1000,,total_weight,high,https://www.kingarthurbaking.com/recipes/king-arthurs-original-pound-cake-recipe
zucchini-bread,zucchini bread (loaf),кекс из кабачков (цукини-хлеб),baking,oven,177,55,65,,0,900,,total_weight,high,https://www.kingarthurbaking.com/recipes/simple-zucchini-bread-recipe
pumpkin-bread,pumpkin bread (loaf),тыквенный кекс (хлеб),baking,oven,177,60,75,,0,950,,total_weight,high,https://www.kingarthurbaking.com/recipes/easy-pumpkin-bread-recipe
scones,scones,сконы,baking,oven,218,18,23,,0,90,2.5,thickness,high,https://www.kingarthurbaking.com/recipes/scones-recipe
sandwich-bread,sandwich bread (loaf),тостовый хлеб в форме,baking,oven,177,30,35,,0,800,,total_weight,high,https://www.kingarthurbaking.com/recipes/classic-sandwich-bread-recipe
no-knead-crusty-bread,no-knead crusty bread (dutch oven),хлеб без замеса (в чугунной кастрюле),baking,oven,232,25,35,,0,850,,total_weight,high,https://www.kingarthurbaking.com/recipes/no-knead-crusty-white-bread-recipe
chicken-tenders,"chicken tenders (fresh, unbreaded)",куриные тендеры свежие (без панировки),chicken,oven,204,15,20,74,3,60,1.5,piece_count,medium,https://www.thedinnerbite.com/oven-baked-chicken-tenders/ https://ifoodreal.com/baked-chicken-tenders/ https://www.foodsafety.gov/food-safety-charts/safe-minimum-internal-temperatures
frozen-chicken-wings,frozen chicken wings (uncooked),замороженные куриные крылышки (сырые),chicken,oven,204,40,45,74,5,900,,piece_count,medium,https://www.tyson.com/products/chicken-wing-sections-frozen-uncooked https://www.foodsafety.gov/food-safety-charts/safe-minimum-internal-temperatures
crescent-rolls,crescent rolls (refrigerated dough),рогалики из готового теста (crescent),baking,oven,190,10,13,,0,35,,piece_count,high,https://www.pillsbury.com/products/crescents/original
pigs-in-a-blanket,pigs in a blanket (crescent dogs),сосиски в тесте (pigs in a blanket),other,oven,190,11,15,,0,55,,piece_count,high,https://www.pillsbury.com/recipes/crescent-dogs/b19c6c07-bad8-45b5-8a4e-e604f30baa98
frozen-meatballs,"frozen meatballs (fully cooked, reheat)","замороженные фрикадельки (готовые, разогрев)",mixed_meat,oven,177,28,32,74,0,600,3,piece_count,high,https://johnsonville.com/how-to-prepare-frozen-meatballs-slices/ https://www.foodsafety.gov/food-safety-charts/safe-minimum-internal-temperatures
sweet-potato-fries,sweet potato fries,картофель фри из батата (запекание),potatoes,oven,218,30,40,,0,600,1,thickness,medium,https://cookieandkate.com/baked-sweet-potato-fries/ https://www.twopeasandtheirpod.com/healthy-sweet-potato-fries/
baby-potatoes,"baby potatoes (halved, roasted)",мелкий картофель половинками (запекание),potatoes,oven,218,28,35,,0,800,2.5,thickness,medium,https://www.simplejoy.com/roasted-baby-potatoes-recipe/ https://www.tastingtothrive.com/roasted-baby-red-potatoes/
whole-roasted-cauliflower,whole roasted cauliflower,цветная капуста целиком (запекание),vegetables,oven,204,40,50,,5,900,,total_weight,medium,https://www.momontimeout.com/whole-roasted-cauliflower-recipe/
pumpkin-seeds,pumpkin seeds (roasted),тыквенные семечки (обжарка в духовке),vegetables,oven,149,35,45,,0,150,,mixed_factors,medium,https://www.eatingbirdfood.com/roasted-pumpkin-seeds/ https://www.loveandlemons.com/roasted-pumpkin-seeds/
chickpeas,chickpeas (crispy roasted),нут хрустящий (запекание),vegetables,oven,204,20,30,,0,400,,piece_count,medium,https://www.themediterraneandish.com/roasted-chickpeas/ https://cookieandkate.com/roasted-chickpeas-recipe/
veal-rib-roast,veal rib roast (bone-in),телячий ростбиф на кости,beef,oven,163,110,120,63,10,2000,,total_weight,high,https://www.foodsafety.gov/food-safety-charts/meat-poultry-charts https://www.foodsafety.gov/food-safety-charts/safe-minimum-internal-temperatures
smoked-half-ham,"smoked half ham (bone-in, cook-before-eating)","половина окорока (запекание, не готовый)",pork,oven,163,130,150,63,10,2700,,total_weight,high,https://www.foodsafety.gov/food-safety-charts/meat-poultry-charts https://www.foodsafety.gov/food-safety-charts/safe-minimum-internal-temperatures
beef-short-ribs,beef short ribs (oven-braised),говяжьи рёбра (томление в духовке),beef,oven,149,180,240,63,15,1600,,mixed_factors,medium,https://www.dinneratthezoo.com/braised-short-ribs/ https://tastesbetterfromscratch.com/braised-short-ribs/ https://www.foodsafety.gov/food-safety-charts/safe-minimum-internal-temperatures
stuffed-chicken-breast,stuffed chicken breast,фаршированная куриная грудка,chicken,oven,190,35,45,74,5,250,4,thickness,medium,https://carlsbadcravings.com/stuffed-chicken-breast/ https://thelazykkitchen.com/how-long-to-bake-stuffed-chicken-breasts-in-the-oven/ https://www.foodsafety.gov/food-safety-charts/safe-minimum-internal-temperatures
baked-ziti,baked ziti,запеканка дзити (паста в духовке),other,oven,190,30,35,74,5,2000,,total_weight,medium,https://www.spendwithpennies.com/baked-ziti/ https://www.tasteofhome.com/recipes/easy-ziti-bake/
scalloped-potatoes,scalloped potatoes,картофельный гратен (скэллопд),potatoes,oven,177,70,90,,10,1800,,thickness,high,https://www.bettycrocker.com/how-to/ask-betty/answer/how-long-do-bake-scalloped-potatoes-350-degree-oven/89702114-00a6-5610-9829-eae7fd3240e4
beef-enchiladas,beef enchiladas (casserole),энчилада с говядиной (запеканка),other,oven,177,30,45,74,5,1600,,total_weight,medium,https://www.tasteofhome.com/recipes/enchilada-casserole/ https://www.simplejoy.com/beef-enchilada-casserole/
stuffed-shells,stuffed shells,фаршированные ракушки (паста),other,oven,190,35,45,74,5,1700,,total_weight,medium,https://www.simplejoy.com/stuffed-shells/ https://thecozycook.com/stuffed-shells/
breakfast-egg-casserole,breakfast egg casserole (overnight),яичная запеканка на завтрак,other,oven,177,35,45,71,5,1800,,total_weight,medium,https://www.julieseatsandtreats.com/breakfast-enchiladas/ https://www.foodsafety.gov/food-safety-charts/safe-minimum-internal-temperatures
monkey-bread,monkey bread (canned biscuits),манки-бред (обезьяний хлеб),baking,oven,177,35,45,,10,1000,,total_weight,medium,https://www.lovefromtheoven.com/monkey-bread/ https://www.pillsbury.com/recipes/skillet-pizza-monkey-bread/c04e6e0b-31f4-414b-9cdb-65d4aa1f997d
pizza-rolls,pizza rolls (frozen),пицца-роллы (замороженные),other,oven,218,10,13,,2,300,,piece_count,medium,https://www.tsbvi.edu/independent-living-library/recipes/totinos-pizza-rolls
crispy-baked-tofu,crispy baked tofu,хрустящий запечённый тофу,vegetables,oven,204,30,35,,0,400,2.5,thickness,medium,https://veggiesociety.com/crispy-baked-tofu-recipe/
boneless-ribeye-roast,boneless ribeye roast (rolled rib),ростбиф рибай без кости,beef,oven,163,140,165,63,15,2300,,total_weight,high,https://www.foodsafety.gov/food-safety-charts/meat-poultry-charts https://www.foodsafety.gov/food-safety-charts/safe-minimum-internal-temperatures
boneless-ham,"boneless ham (fully cooked, reheat)","окорок без кости (готовый, разогрев)",pork,oven,163,80,120,,10,3600,,total_weight,high,https://www.foodsafety.gov/food-safety-charts/meat-poultry-charts https://www.foodsafety.gov/food-safety-charts/safe-minimum-internal-temperatures
turkey-bacon,turkey bacon (oven),бекон из индейки (духовка),turkey,oven,204,15,18,,0,200,,piece_count,medium,https://temeculablogs.com/turkey-bacon-in-the-oven/ https://foxeslovelemons.com/oven-turkey-bacon/
apple-crisp,apple crisp,яблочный крамбл (крисп),baking,oven,177,40,50,,10,1500,,total_weight,high,https://www.kingarthurbaking.com/recipes/classic-apple-crisp-recipe https://www.thekitchn.com/apple-crisp-261648
peach-cobbler,peach cobbler,персиковый коблер,baking,oven,190,40,50,,10,1600,,total_weight,medium,https://sallysbakingaddiction.com/fresh-peach-cobbler/ https://tastesbetterfromscratch.com/peach-cobbler/
granola,granola (homemade),гранола домашняя,baking,oven,149,25,30,,0,550,,mixed_factors,medium,https://feelgoodfoodie.net/recipe/how-to-make-granola/ https://www.loveandlemons.com/granola/
baked-oatmeal,baked oatmeal,запечённая овсянка,baking,oven,190,35,45,,5,1300,,total_weight,medium,https://cookieandkate.com/baked-oatmeal-recipe/ https://www.wellplated.com/baked-oatmeal/
green-bean-casserole,green bean casserole,запеканка из стручковой фасоли,other,oven,177,25,30,,0,1500,,total_weight,high,https://www.campbells.com/recipes/green-bean-casserole/
sweet-potato-casserole,sweet potato casserole,запеканка из батата (с маршмеллоу),other,oven,177,30,40,,5,1700,,total_weight,medium,https://www.shugarysweets.com/sweet-potato-casserole-with-marshmallows/ https://ohsweetbasil.com/sweet-potato-casserole-recipe/
stuffed-whole-turkey,stuffed whole turkey,фаршированная индейка целиком,turkey,oven,163,210,240,74,30,6400,,total_weight,high,https://www.foodsafety.gov/food-safety-charts/meat-poultry-charts https://www.foodsafety.gov/food-safety-charts/safe-minimum-internal-temperatures
roasted-delicata-squash,roasted delicata squash,тыква деликата (запекание),vegetables,oven,218,20,25,,0,600,1.5,thickness,medium,https://cookieandkate.com/roasted-delicata-squash-recipe/ https://www.loveandlemons.com/roasted-delicata-squash/
roasted-turnips,roasted turnips,репа (запекание),vegetables,oven,218,30,35,,0,700,2,thickness,medium,https://www.spendwithpennies.com/simple-roasted-turnips/ https://www.rachelcooks.com/roasted-turnips/
roasted-onions,roasted onions (wedges),лук дольками (запекание),vegetables,oven,204,25,35,,0,600,,mixed_factors,medium,https://healthyrecipesblogs.com/roasted-red-onions/ https://www.alphafoodie.com/simple-roasted-onions/
stuffed-mushrooms,stuffed mushrooms,фаршированные шампиньоны,vegetables,oven,204,15,20,,3,500,,piece_count,medium,https://kristineskitchenblog.com/stuffed-mushrooms/ https://www.jessicagavin.com/stuffed-mushrooms/
french-toast-casserole,french toast casserole (overnight),запеканка из французских тостов,other,oven,177,40,50,,5,1800,,total_weight,medium,https://tastesbetterfromscratch.com/overnight-french-toast/ https://www.mybakingaddiction.com/overnight-french-toast-casserole/
ham-and-cheese-sliders,ham and cheese sliders,слайдеры с ветчиной и сыром,other,oven,177,20,25,,0,1000,,total_weight,high,https://kingshawaiian.com/recipes/hawaiian-ham-swiss-slider https://tastesbetterfromscratch.com/baked-ham-swiss-sliders/
turkey-meatloaf,turkey meatloaf,митлоф из индейки,turkey,oven,177,50,60,74,10,950,6.5,thickness,medium,https://www.foodnetwork.com/recipes/food-network-kitchen/best-turkey-meatloaf-recipe-7217376 https://www.inspiredtaste.net/21535/unbelievably-moist-turkey-meatloaf-recipe/ https://www.foodsafety.gov/food-safety-charts/safe-minimum-internal-temperatures
mini-meatloaves,mini meatloaves (muffin tin),мини-митлофы в маффиннице,mixed_meat,oven,190,20,25,71,5,100,,piece_count,medium,https://therecipewell.com/mini-meatloaf-recipe/ https://www.perduefarms.com/en-US/muffin-pan-mini-meatloaf-recipe/PGF10009.html https://www.foodsafety.gov/food-safety-charts/safe-minimum-internal-temperatures
baked-brie,baked brie (whole wheel),запечённый бри (целая головка),other,oven,177,10,15,,5,250,,total_weight,high,https://theviewfromgreatisland.com/how-to-bake-brie/ https://presidentcheese.com/news/how-to-make-baked-brie/
baked-feta-pasta,baked feta pasta (sheet of feta and tomatoes),запечённая фета с томатами (для пасты),other,oven,204,35,40,,0,800,,total_weight,medium,https://www.budgetbytes.com/feta-pasta/ https://www.tasteofhome.com/recipes/baked-feta-pasta/
bread-pudding,bread pudding,хлебный пудинг,baking,oven,177,40,45,,10,1500,,total_weight,high,https://www.bettycrocker.com/recipes/bread-pudding/790f3338-59c6-4312-a3c1-3e4d0cf6b101 https://www.tasteofhome.com/recipes/best-ever-bread-pudding/
lemon-bars,lemon bars,лимонные квадратики,baking,oven,177,35,45,,0,950,2.5,thickness,high,https://www.kingarthurbaking.com/recipes/lemon-squares-recipe
blondies,blondies,блонди (светлые брауни),baking,oven,177,30,35,,0,850,2.5,thickness,high,https://www.kingarthurbaking.com/recipes/blondies-recipe
pecan-pie,pecan pie,пекановый пирог,baking,oven,177,60,70,,0,1150,,total_weight,high,https://www.karosyrup.com/recipe/homemade-pecan-pie/ https://thelocalpalate.com/recipes/karo-classic-pecan-pie/
hash-brown-patties,hash brown patties (frozen),хашбраун котлетки (замороженные),potatoes,oven,218,24,26,,0,300,,piece_count,high,https://www.kraftheinz.com/ore-ida/products/00013120046865-crispy-hash-brown-patties-shredded-potatoes
breaded-fish-fillets,breaded fish fillets (frozen),рыбное филе в панировке (замороженное),fish,oven,218,14,16,74,0,350,,piece_count,high,https://www.gortons.com/products/crunchy-breaded/ https://www.foodsafety.gov/food-safety-charts/safe-minimum-internal-temperatures
toasted-pecans,toasted pecans (oven),жареный пекан (подсушка орехов),baking,oven,177,6,10,,0,150,,piece_count,medium,https://preppykitchen.com/how-to-toast-pecans/ https://www.culinaryhill.com/how-to-toast-pecans/
frozen-pot-pie,frozen pot pie (single serve),замороженный пот-пай (порционный),other,oven,204,50,55,74,5,300,,total_weight,high,https://www.mariecallendersmeals.com/faq https://www.foodsafety.gov/food-safety-charts/safe-minimum-internal-temperatures
corn-dogs,corn dogs (frozen),корн-доги (замороженные),other,oven,177,16,18,,2,300,,piece_count,high,https://www.fosterfarms.com/product/honey-crunchy-corn-dogs-frozen-16-ct/
soft-pretzels,soft pretzels (frozen),мягкие крендели (замороженные),baking,oven,204,3,5,,0,80,,piece_count,high,https://www.leaf.tv/articles/heating-instructions-for-super-pretzels/
boxed-cake-mix,boxed cake mix (13x9 and rounds),торт из коробочной смеси,baking,oven,177,24,29,,0,600,,total_weight,high,https://www.bettycrocker.com/products/betty-crocker-baking-and-cake-mixes/yellow
carrot-cake,carrot cake (layers),морковный торт (коржи),baking,oven,177,25,30,,0,750,,total_weight,high,https://www.kingarthurbaking.com/recipes/king-arthurs-carrot-cake-recipe
crumb-coffee-cake,crumb coffee cake,кофейный кекс с крошкой (крамб-кейк),baking,oven,177,40,45,,0,1100,,total_weight,high,https://www.kingarthurbaking.com/recipes/self-rising-crumb-coffee-cake-recipe
pineapple-upside-down-cake,pineapple upside-down cake,перевёрнутый ананасовый пирог,baking,oven,177,40,45,,5,1100,,total_weight,high,https://www.bettycrocker.com/recipes/easy-pineapple-upside-down-cake/c4d3321d-fad9-41cb-8f29-8d91a4279b07 https://sallysbakingaddiction.com/pineapple-upside-cake/
key-lime-pie,key lime pie,пирог ки-лайм (лаймовый),baking,oven,177,13,17,,10,950,,total_weight,high,https://keylimejuice.com/nellie-joes-key-lime-pie/
homemade-baguettes,homemade baguettes,багеты домашние,baking,oven,232,20,25,,0,260,,total_weight,medium,https://www.kingarthurbaking.com/recipes/baguette-pan-baguettes-recipe https://www.kingarthurbaking.com/recipes/classic-baguettes-recipe
homemade-soft-pretzels,homemade soft pretzels,крендели мягкие домашние,baking,oven,232,12,15,,0,130,,mixed_factors,high,https://www.kingarthurbaking.com/recipes/classic-pretzels-recipe
baked-doughnuts,baked doughnuts (pan),пончики печёные (в форме),baking,oven,190,10,12,,0,60,,piece_count,high,https://www.kingarthurbaking.com/recipes/baked-doughnuts-recipe
frozen-mac-and-cheese,frozen mac and cheese (single serve),макароны с сыром замороженные (полуфабрикат),other,oven,177,35,40,74,3,340,,total_weight,medium,https://www.goodnes.com/stouffers/products/macaroni-cheese-family-size/ https://www.foodsafety.gov/food-safety-charts/safe-minimum-internal-temperatures
french-bread-pizza,french bread pizza (frozen),пицца на багете (замороженная),other,oven,190,24,26,,2,180,,piece_count,high,https://www.goodnes.com/stouffers/products/pepperoni-french-bread-pizza-for-one/
frozen-burrito,frozen burrito,буррито замороженный,other,oven,204,25,30,74,2,130,,piece_count,medium,https://elmonterey.com/products/burritos-chimichangas/beef-bean-burrito/ https://www.foodsafety.gov/food-safety-charts/safe-minimum-internal-temperatures
taquitos,taquitos (frozen),такитос замороженные,other,oven,204,7,12,,1,250,,piece_count,high,https://joseole.com/products/beef-taquitos-in-corn-tortillas-20oz/ https://joseole.com/products/chicken-cheese-taquitos-in-flour-tortillas-22-5oz/
egg-rolls,egg rolls (frozen),яичные роллы (замороженные),other,oven,218,18,20,74,2,250,,piece_count,medium,https://recipes.net/articles/how-to-cook-frozen-egg-rolls-in-oven/ https://www.foodsafety.gov/food-safety-charts/safe-minimum-internal-temperatures
waffle-fries,waffle fries (frozen),картофель вафельный фри (замороженный),potatoes,oven,232,20,26,,0,450,,piece_count,high,https://www.heb.com/product-detail/ore-ida-golden-waffle-fries/28372
bagel-bites,bagel bites (frozen mini pizzas),мини-пиццы бейгл байтс (замороженные),other,oven,232,9,12,,1,250,,piece_count,high,https://smartlabel.labelinsight.com/product/4943710/other/instructions
baked-beans,"baked beans (canned, doctored)","фасоль печёная (из банки, в духовке)",other,oven,177,45,60,,5,1200,,total_weight,medium,https://soupaddict.com/baked-beans/ https://www.familyfoodonthetable.com/classic-baked-beans/
flank-steak,flank steak (broiled),фланк-стейк под грилем (бройлер),beef,oven,260,10,14,63,10,800,2,thickness,medium,https://healthyrecipesblogs.com/flank-steak/ https://www.thekitchn.com/how-to-cook-flank-steak-in-the-oven-cooking-lessons-from-the-kitchn-219428 https://www.foodsafety.gov/food-safety-charts/safe-minimum-internal-temperatures
roasted-cherry-tomatoes,roasted cherry tomatoes,черри томаты (запекание),vegetables,oven,204,15,20,,0,500,,piece_count,medium,https://www.alphafoodie.com/simple-roasted-cherry-tomatoes/ https://www.forkintheroad.co/roasted-cherry-tomatoes/
sheet-pan-sausage-and-vegetables,sheet pan sausage and vegetables,колбаски с овощами на противне,other,oven,204,20,30,,0,1200,,mixed_factors,medium,https://gimmedelicious.com/20-minute-sheet-pan-healthy-sausage-and-veggies/ https://www.averiecooks.com/sheet-pan-sausage-vegetables/
sheet-pan-chicken-fajitas,sheet pan chicken fajitas,фахитас с курицей на противне,chicken,oven,204,18,22,74,5,1100,,mixed_factors,medium,https://www.budgetbytes.com/oven-fajitas/ https://www.thecountrycook.net/sheet-pan-chicken-fajitas/ https://www.foodsafety.gov/food-safety-charts/safe-minimum-internal-temperatures